{
    "optimization_period": "36 months",
    "tickers": [
        "PETR4",
        "VALE3",
        "BBAS3",
        "B3SA3",
        "JBSS3"
    ],
    "max_sharpe_portfolio": {
        "weights": {
            "B3SA3": 0.0,
            "BBAS3": 0.4807805957513918,
            "JBSS3": 0.0,
            "PETR4": 0.5192194042486081,
            "VALE3": 0.0
        },
        "performance": {
            "expected_annual_return": 0.33308468906699207,
            "annual_volatility": 0.2512352147927103,
            "sharpe_ratio": 1.3257882233659573
        },
        "stats": {
            "Annual return": 0.3480431858348647,
            "Cumulative returns": 1.400830813847597,
            "Annual volatility": 0.2512352147927104,
            "Sharpe ratio": 1.3152572749416087,
            "Calmar ratio": 1.0239790835436642,
            "Stability": 0.9036148342148801,
            "Max drawdown": -0.3398928663956675,
            "Omega ratio": 1.2617052052608382,
            "Sortino ratio": 1.9158872771099513,
            "Skew": -0.3208517035805921,
            "Kurtosis": 3.950054497199286,
            "Tail ratio": 1.1844485227347907,
            "Daily value at risk": -0.03034139620279071
        },
        "cumulative_returns": {
            